class,uuid,image-0,image-1,image-2,image-3,image-4,image-5,image-6,image-7,example_im_0,example_im_1,example_im_2,example_im_3,example_im_4,label
desk_lamp,0a096c7344b04eda9cf483491d69d833,c3f94dcb-5918-4e0b-89fa-1d0064c3af92,ccd6cd83-f948-4dcc-b667-c7c941dd4ea9,3720142f-4214-455a-8cce-7a5b724431d0,5ba9a8fe-e5cd-4c6d-935f-1721895be81d,d8f3c793-a933-46ad-bd46-3ca55dc898cd,171f320d-ea9f-4db2-b629-2940f815bc87,77878b69-df83-439a-807c-aabe296c54a8,bcbcd0e0-0693-48cd-b39a-aaa161dc166a,8cbc8e99da0d4b4.png,9da4d16e2617428.png,9e71d30e046b4f7.png,56f201cc4ca6456.png,572c27cbd51e4c3.png,good
candle,4c0a62f5a47a41bb9b39881c271b79fc,f5726dd5-c34a-4ae7-8f6b-e503d662e2d1,eab9479b-54df-4582-acb3-2e8a7a9c2f58,8705f4fa-3620-4213-98ee-052043243ad8,a72d1c63-a489-4983-a2f5-f80b2621ecbb,3049d493-09f8-49c0-96ef-cc64ec65932f,8e2dfe17-6324-470a-bdeb-ac510518b222,77884b1a-d06d-4fa9-ad66-1add389f0086,092abf38-fe72-4fe4-affd-4ebd8db42b50,962ea465fa45418.png,ef2966d228dc488.png,d66bcc2e3964407.png,56c4e9e60b8d45d.png,d542cc0faddd435.png,bad
watch,1757576875664d9ab891168a4c01b521,d8b02c26-9efa-448f-b8b2-a4498226aa84,ee57e679-50af-465c-80fd-ec28f05ec6a0,24c025c6-94fe-4496-85e2-50a03ce5b89f,241cfb12-c70a-46ca-a6af-48b99d61790f,006d231f-3a88-4396-8c47-2c9081462172,4c7c433a-e748-468a-ab85-c253f65ec006,4a28994b-7e9a-4af5-b5bc-a6fb05c55c23,0b6ce5e1-8675-4634-899a-c575170e9ffa,e0e129ffcb834f6.png,48ae13e55b26414.png,05dbfec8d9264b4.png,f8eb2d2b40bf4fb.png,0089f93ef780412.png,bad
candle,50f5028f64b34fd39bfe2ded0ac21464,89cd0ab5-d678-4dfd-ad73-b67ec11dbe8d,10a3ef72-edf4-41a3-9cff-6018bc11ea42,66ba168a-0c29-4014-8985-a808711bf70c,eb3cc680-ff94-4eff-ae77-8d37d67c33fd,0b213578-9d46-4251-a671-f982cb176837,4af6d4c3-f2ec-4cbc-905b-734552452957,6101f969-8fc1-415a-b99c-50fac7b46f26,4b61e406-526c-4cd6-aadd-53b6da33907c,504cb0fcab7447a.png,1e11e93aab3b45d.png,d004026e46a44e2.png,8272e3cd681f4cc.png,57caf1f70490450.png,good
umbrella,ddb967e02f3c43be9082930d7caae023,15daee29-7275-43a4-a490-e60d934cbcf0,7469cf5b-8b9a-4a9b-9d1c-9dc88e213073,163d1f71-a15f-4b35-bfc4-c170b24c661f,1afa39cb-cc03-41c6-a8c2-4ad9a244d9da,ddae4660-f9c1-46f4-93ca-56e5ad190a7d,9cc696f8-b414-4b7b-9674-76cf930210a1,bbd7cf2d-c7cc-401a-89e9-de570e335487,85ade3aa-46cf-4100-bfa0-0eea57424ebb,7d52ab47f3694ec.png,78e189aca322499.png,bcd4d488400644b.png,f5c0a867d9d348b.png,c849778031fb4a7.png,bad
umbrella,bac8486298ab41ab884fccb867f1527b,53ad51f7-1c7c-42d3-8d94-4023cd9c283c,f95591f9-f44c-4015-bd11-84798742eaa1,3d1ce01d-6057-4df0-b618-197bf216539f,ce5248c0-9b26-4731-8562-b6af204f3777,91ccccf7-648f-4839-a527-221394ec60b5,a2fc5858-671b-4d61-a6c9-9c08aca871df,4db24fe3-27af-4ed5-b9e1-f68b0d71017d,da1236a5-d127-4788-bd5a-cee81700b1f4,98624221f8674da.png,c739f1ffe6c44e3.png,3906f8cff58a4e0.png,35b316421c334bd.png,5b8bd5789c034ce.png,bad
shovel,1f939ec24d7840c48f98c74da6299d80,e56bb4de-0707-46d7-8631-57e3f9c04446,3a61f9b4-80f9-43f1-ab2a-a36dbb252616,27287926-ed51-4860-8968-32f358b78402,c7759e31-66f5-4d71-9182-b2830991f924,07d72168-a6a9-4089-a588-25e544c31d07,36a6ae21-d0ae-41cf-a902-3722d72dc83c,5f38cf5d-f261-4fd6-ac7a-e050c5fd0abe,f1e65c98-63a6-47ff-81c6-f624c1727205,ca3626fe59f64f1.png,dfe7e299afbc44b.png,aaf689e1c7d541e.png,d6077f4cf48c47f.png,8c40124aa81b4ff.png,good
printer,291f15c9c1754e4084a5655783efcbd8,832455fb-f5d2-443c-8724-1131a14bd0d9,73a47312-62e8-461f-af49-21eb261d4e82,2e0248cc-17c0-427e-8f65-a00b4a5ec0ae,0503fcf0-8ca9-4b8c-a0cb-bffa5b91b494,7c197d72-8389-4451-906e-67224eb8dec3,a72d30be-6694-4f06-89da-972dcaca148f,139228b0-ccfe-4442-9f3a-0aafc6b08918,6560c491-bd1e-4e76-9c30-bf6d7b44eba8,494f345f52f6416.png,413ebff240cc4a1.png,ca6a15a3c36449c.png,c196d0a6c68f4e1.png,b9a9a292d8994d3.png,bad
monitor,d61d0514dd70422596a3f15c3dae5682,f3170d91-db7e-4785-a978-e326e36d6502,c767c402-c8cf-489c-8840-86075fd7c251,9c84260a-babc-4af3-a664-f7fb9c0c7326,829c2ffa-2c39-4e36-b5cc-830d3362b45e,debadec0-b23a-40b6-86cf-f0edaf82e9ac,8b3e2e73-23f9-4b58-91c3-28ea114aa339,6eb63beb-29f2-4e0d-a19e-13d97e63b1b9,17a73bd9-6fea-4ee0-8b69-64650ada0426,70afd835351345a.png,a542d63aed6b4c6.png,cff5ae737c8d4d3.png,44a198b8f927404.png,936d6a924c3b405.png,good
printer,9748cdcaf09c4a1bbe4ffe1e7b4bfd52,8069f60f-e936-41b3-8fd8-a195164fc8a6,f2ccd1a0-d4da-41e8-b230-d1c00345fb1a,76d29887-5309-4652-a42b-a09badfabaed,32c392fa-f5d2-44ba-8985-35e19d97f4b0,de60c50f-001d-4ece-a710-058bdfad57bd,bc2246ce-0e75-4f51-889b-4a4473c7f6d3,2dd55dff-e9b0-42d1-86d3-4efdac720c6a,c922587d-62a1-40cd-8011-6e652925051a,528116a4e88140c.png,1b5b80c89f75448.png,31d245131c5a4be.png,bd1efc5057994e1.png,51ce55bcffb143d.png,bad
tv,ffddd97697524f20858e0ec577c81b5c,d64c2fc3-5e39-4b7b-a1cc-740b6a11bf3f,6e4385f5-41bb-43cb-bee8-0bc763489a77,194fdd39-ceef-4179-9f79-b4cd192fa825,d99503c4-cd4c-43e1-8c99-15361a5aceb8,53959112-a3eb-46e7-9260-e639fa226606,455e7816-4175-4bfe-a40f-dea0eab8d3f6,dc9ea765-0656-4d84-851f-80552d5a6341,f732e9e3-e548-4eee-95c4-267237507bc4,8bfcd1acbcac4d4.png,a1e2fb99f594458.png,0b63eae4ea7d4f5.png,76b61b3fd34642a.png,0a51ad5187c8423.png,bad
keyboard,cc7e7ed38d9a469ea499893295bc767a,35136586-87d9-425d-8191-76e4b770f20d,643b0b6b-fe2d-45e5-ae3a-30dbd47bbbe5,daece9ed-54d1-400d-8aa4-cbcbbbeb6c7a,f56de291-4ff6-4e15-93f2-52d7e6624a2b,aff1037e-790f-48bc-8dcb-79f0857dce0f,524b630c-96b9-464d-8981-fd7a4dbefbd1,2c05157c-f411-41d4-acac-7c5db3ecb6ea,a90fb73b-2701-4dd7-910c-2ed1a1b7c275,6fce794b56dc46a.png,77fa3241539b4b8.png,9fe4e88a61ed490.png,14018bd25ef94df.png,f59dacf93c6d447.png,good
wine_bottle,9bcb5cc753e4486ab98440c1a100e8ff,ae8b1b68-4648-457b-a93d-e7c59f376e1c,9f31302d-6b4e-45c4-bb03-fa66a82b1810,66a9f670-9e37-4d62-b816-26010cabdc34,b42c5266-132c-43af-90b5-e7bcab15d11e,1d7701f9-81b1-4375-861c-6efb7953c29f,c6f5cf4d-5c9d-4978-aef5-ccbec46bc0b1,58f15194-1b84-42cb-ab28-1c13a667ba1d,a8870b71-68c8-4679-8cc0-d4bd44b46b06,8ab585e21fa949c.png,c904283c47774e8.png,8362a99e8a3344f.png,9d915300d3f24b0.png,48ac0123b31f4c4.png,good
speaker,5a4c0af2a7ea49bea84386a413ed44ab,aa8b81d0-3060-4aac-aeeb-acd5636a4f3f,f5b5a2ef-2633-42af-846a-eb1a9eebdc36,ef4e6e82-9a71-40e5-a661-190fc36f9e0a,c44e6e82-5914-46cd-86eb-39bf1b7221b4,4af425fa-d606-440e-9030-2019897bc161,97056b97-0a8d-4296-9209-773973cfce3a,b029472a-eb0d-4b18-92b8-eebbf5a7fc87,7796d578-5996-484e-8930-e10b52245d90,4b5740a2699c429.png,906196b73fcf447.png,4f3c6c2770574b1.png,d498db5a9e214b9.png,e4449a0ce52c4f6.png,good
helmet,c1516dc3d0ea420b9246334a94e5681e,31eff7d7-259f-4086-aceb-e91cd71410c9,9942aef4-f932-452e-8a97-f8a23ccc875d,989d600e-c61c-4c2f-a2b6-dc352c4995fc,7fc9ccf5-354e-449c-90b6-94274da1e8ba,faa32281-3345-4b2f-bdde-deb67e88773c,29c90393-223c-4cd2-9101-5339fcfa3cad,7e9f6680-38af-4322-9046-b0d3f9bbec1d,51f34580-adb6-494d-98d9-056e786bd8db,c941639a98af41e.png,e3ece92478c14f5.png,180e359e732049e.png,0016024541d946a.png,d2cb9700f27e4e7.png,good
speaker,d5f96960355d4a8ebfd4cd106eab23e5,b1d52575-abe9-4583-a008-12e9f41fc3a6,95755301-de24-4d5f-8b6a-43b0d828cae0,ad5d4008-4107-4b6f-b79c-c42a51436a46,a8574f21-f86e-4e8d-b383-d1b2fa8fc7ea,1773b38d-3e51-4619-bccb-1724cacb4ada,afdc915e-e1df-469a-be49-44e48462f6b6,b0007af1-34ac-42ef-81a3-5d157d24dd51,769cc916-cbc5-45e9-83c9-4b271cf084b2,354e849c2bbd4c9.png,7dbf352351a842a.png,6454a9eaa61d436.png,2256528ef1ae44d.png,c4b1037fd0124c3.png,good
trash_bin,633604ea56bb474da3cbded356e2da27,22a6ec11-918f-487b-9aa7-86b79dde4336,794d387c-480b-4af0-ad05-c6786221e3b6,50e0f830-2423-4766-aa98-e1c06bf18801,2941cd17-1adf-4be2-bd0f-1cc1cbce2a1e,df953e09-067c-4ea2-83f4-02ca1dd8d9d5,b92f7fe1-29aa-4752-8940-2d524f1ce556,0617d092-6252-46aa-9841-1c5f9c23371b,f34c6428-2fb3-4a05-86a6-0728aa63b1cb,2f0265e8a5704b9.png,6ed840f8c2af46b.png,a81fefe7b8d045f.png,68e8b2d24ba74d3.png,a867a5fa8d3a42f.png,good
watch,c896964ab7274bff810ac5ae9165cf8c,ccdbde01-cdae-4b7b-9ab1-a345c4bf41ae,a14dadff-5c43-419b-ac7e-84e20ef0ffb7,48fab6b6-f28a-4d25-aab4-051015b5235e,4edb2a99-bba6-44ae-a928-aa51911c5064,238904de-58f6-42ff-b0b4-1602ae01d515,bdbf0f92-c7cd-46ab-a3fe-dc54f1c62e83,e81202f3-4534-4a9f-a6f2-6a94a94bb8d3,6e518bd1-db52-4c35-b1d2-475ba3552374,9ab5dd96a3b0423.png,e899b58d56e7452.png,24d884332a62482.png,e88282e33930495.png,6db8487ae1fd406.png,good
watch,db6ad304929748e284e4508fe7463fce,6db9050a-531b-4f41-980d-3ce7de10b64f,2fa12b2d-2416-4b3f-bb19-3f1daf49def9,8bed1cad-6d4c-4ac1-b56b-745568092f63,c378f53c-2802-4059-85b8-6dec931f32a6,58d9bb66-d8cb-4fe3-9d68-89231f1147da,0373622e-20bd-481c-9ab8-23340a1d8bc7,e28c3001-937a-4062-a730-6dfba673adfc,f1794b25-d6b9-4028-831b-3f08a1acc43f,88121030717c410.png,2dc590de12b141e.png,e899b58d56e7452.png,482a168858274d0.png,48ae13e55b26414.png,good
wheel,e959abc9e92046ca9f43a0124d269f22,72ae172f-2ca9-4f5a-ab60-057fc4cd3452,2a6110b3-e9e1-4779-bc8b-27c110fb749a,e0e4929e-f209-49e1-aff3-5262e804f210,1f6bf7be-e67a-4597-a11f-1b3731545edc,0c72dac2-90bf-4e68-aef4-e25b03b121c8,b66c7110-8dd7-43ef-be74-97d982f28e81,d122e5cc-8c53-4c91-95df-8c0cdb9f56a0,eff9cdf0-6b24-4cdd-ab74-a0b1d0a860b7,8bb90117a50a40e.png,e429b7ac6499431.png,2e956daa84f24a4.png,147e37cd19064e5.png,79f3152c8bfa4e7.png,bad
tv,2ea4bb4583ef47b583631eefb8f236bb,cf17c2de-5891-400e-9161-3e6718f925a6,a4aa669e-570f-4345-81a1-4fb76de4351e,2a5916c5-5e69-4213-aa79-112ddcbd74a2,e154abed-8be7-4ead-828d-db65ef3e0763,ca5551e2-9900-4dd3-9f1c-2294efbe0c7b,541735e0-e89a-47c8-bb83-6fea5c5f8196,2cddc9bd-c463-4f95-927f-85e9d3210d4d,4a0c5103-cf2b-48e3-89bc-ef2aab37c0a5,7b7adbac3650476.png,65ccae6e87ff485.png,19aecd05fd164b2.png,28ee935f28ed4bb.png,bd760601c849418.png,good
helmet,8867d6a53e764d00b2eb11627451543d,73a30ab4-9cee-4a1a-a875-d17eb5ec3ba3,a02d4b5d-e8fc-460f-90dd-e67b70b9d076,c967820b-352a-46a8-af2e-f761d0576606,fe7a1b7d-57c0-4e6e-a79f-3a8ab98c8002,a69bbb59-a222-4833-8cb1-1157838b0bf5,4846991c-81ea-45a6-8dbd-8530425bca39,6b3bb35f-73b5-4255-8ffb-fbe2b3be34fa,18e215cb-0215-4872-8b0d-2f0c211297c6,040788d44e71404.png,18df90a0578149c.png,1c203b74987a4bc.png,e74a9617cebd4cd.png,0b957583b090490.png,good
spatula,e0b20bdfef7b468395cd4abeffd5edda,7ac535d5-7241-4e0a-8239-a53409c81225,a0b25a9f-f5db-48c0-890e-6193219cfc19,e5feeb1c-c50f-4e49-834b-3671d4ced731,6d281941-4075-4b74-93ac-d2c61595049c,22cb9dae-c373-4401-937f-6432ed2e404b,63f0f972-87ae-4864-879b-7ad73fdb0175,93a6b40a-a3fe-42f2-a5b8-8c1bf8727464,2a42ce43-9744-40c5-b4c8-98a5a37e7ae9,4aec08c455ae4bc.png,b7b778935f2d4b4.png,0bc87f5264e94d5.png,31624f101bec4ff.png,e9817d6cf8124d9.png,good
hammer,f2a3fcf5c2a745efae520f0a7a61fb09,87c46b70-7b2c-464c-bc2e-29c82671eb84,34d5e26a-fe91-439e-a93b-e2cd04f7fd89,51af7c14-e71f-45d2-9143-f00de04279df,6b34ed25-33c2-4919-b33f-198acfb3b526,9edea35d-3391-422b-8cf6-12e18ca9083a,895005fa-ad0c-42ba-b42c-b8696c25b8cd,c5b6565a-6859-4ce0-a5d5-2006c28784fa,06cb0256-004b-453f-bb63-318ccd3d6b92,90d2d3ee8acd476.png,aaa883c741b74b2.png,54907c9febd6490.png,1f2a73383594429.png,27d46804ac824b7.png,bad
hammer,7f1e9d65b3e9454a844708ecc3311ebe,7ed02d33-3475-49d5-b233-55d08c396cb2,b8d0af86-40bd-4f07-8514-ab46b17a1d54,698a7b3e-d677-4eca-a86e-cc2cd49cf15d,8f56ef73-45fc-4821-846e-7431878d3dbf,b6bdf21e-efbf-4def-936e-9ecc1be10006,3810ab38-b367-42d2-a60f-70e353b7c72e,9580bd7e-a6c9-4455-a7b8-f8feb157d84e,5560d07e-2829-4147-a0d4-9829a1a8eae3,b09e3c8ae244486.png,29baee2d2e784ce.png,e5ceaecdd77b40b.png,91e540cf251a4bb.png,af630b4c4d9340e.png,good
chair,db3e309bf60f490dbfd297f4c4d59478,1b9421eb-754a-4063-8ce3-a421502da6a8,8cf33535-342f-42c9-b131-96db44e43f5d,384fd37d-b0f2-4c7c-a354-85e808244edf,f5a90704-7fd5-4932-a158-08bbf75e2dcf,bc5435f5-cd59-41ea-b93c-674672a7aac2,abacb295-ba9a-435c-bd17-282d492e5f97,40ac5c89-275c-4ed4-a609-3c6c1732828f,b497d1aa-9c37-41cf-8927-4e95e649b4e2,0906f10fa9bd4c3.png,e42bb43ce6654e1.png,dfea29b44617463.png,40fd3e1b709e413.png,072f66bdd29d4fe.png,good
ruler,db1883e2b2e04edfba72fa35751a7694,074a916a-69a5-46dc-9592-8f1e727c6508,35d22cc7-11e6-4afc-8dc5-f3a85a532517,867ecf32-d220-4d0b-a4d5-cdeffaa252b7,b8c0e0ed-9af0-4a10-9476-ed0c97a682dd,bb288e48-05d0-465a-aaff-01cb81c3d308,dd4b2ece-2cf0-49b4-b9e4-09a0251956bc,325b8651-29e6-41bf-981a-98b52b4774d3,5f19e743-7dd5-4dc2-a0c1-c1c8be440cef,d19db95f027048e.png,c2b7e7f7905948a.png,751f246098224c7.png,6b0b3ab5b30d431.png,cd6dfe9edc61431.png,good
backpack,14d4adabb2564307ae69838eb4cac51a,679b07bf-6ef2-4fc0-ae55-46670e14b6b8,8a5fd237-eebe-4561-a085-b7dba4d984b5,df448893-be67-40dc-9d9b-043cff14b283,5478fcdc-a679-428e-bb76-1eab1ea931ed,d45f9288-9e94-4de8-b3a3-014b67850405,06003592-605e-4b5c-96ea-89a21805cb75,cbfde424-33ec-499a-a535-6b7bab0688ce,e81377bb-8d75-4d3f-be6f-0f40c6c19528,322b151f1cf1406.png,1be1db144b314ba.png,cc712228e6af4b1.png,c43303471e034ae.png,a573545c4066475.png,bad
orange,d601e5a02eae4b8eaa65b931a71c7ab5,c8087b9f-12e7-48dd-b5ce-73a8440635b4,11eafaed-8dbb-4acf-b208-d7a636edb768,ebf0573f-83fc-47c2-89ba-bb8aa2afc53e,47496c4c-7f3e-4f81-b4b4-483b57042ee0,9acd638d-c268-4168-9091-1e7f545b20d4,f2a5e0aa-bdf1-4612-b036-6ce419b3a103,e272f9ee-8744-4eb5-af5d-0b33317c746b,bb4c040f-5020-4ae8-a5aa-bca9c7f20e2f,be19656d823a498.png,647eb9831540486.png,402996e6aa9f41c.png,209870d6d0414bb.png,c3c63565c78a484.png,bad
keyboard,e3a509e7cf844bd88bd749fbd12ac3a4,de6b1f59-4567-4103-95d2-2c095492b4e6,5ff2a038-4246-4f53-ae51-f66cfa8ebab2,0f434040-fda9-4b87-a728-3a46ea9b1f75,c39e3414-c0d8-463f-804d-bf2862e6bcee,151772ad-02c2-4fd4-bb66-5cdcca1435d1,d951af52-e96a-4ad7-a4a0-109526b1b1ae,f4b54012-59d2-4fe6-b09d-5d78f3a095c8,6791e5ff-6915-4f10-a45d-8e66dba346ea,1502820929ff43f.png,7cd6b1c1ec78490.png,3de1ab4b9298426.png,f34fd9c09f2647f.png,47f02af229d94f0.png,good
speaker,8905eca2623a4d519d037b4de5bea0a4,7c284baa-e30d-4a31-9a45-6ed4008ed159,3ea90e22-4550-4555-88e5-9daeb4f7f817,c1e1dbc8-0135-4d95-8483-c8a08a5ff327,7223ea59-be29-4c15-bfab-387375ac98bf,458b75bd-4c8d-4d73-96f3-32300c52dc08,0f4ff601-430f-4231-8ff3-25ead42244ad,9af6d9bd-e0f1-4a21-9371-4a18e509cf50,cc8001ed-fd6e-498d-a266-172da6f0bd81,39d6b85e8738456.png,a4417ccf5ed6445.png,fde81de7f5b6445.png,4bd16071510d4cd.png,120c273411d04fe.png,bad
chair,9585a0b5ddee42c58aca9147dc7f7880,c2929cf7-bd99-448d-b4da-5f980512d7f0,9e523fa2-e7c9-4cad-ab8b-c7b3b476a38a,6515aa39-1762-4d05-b91e-97fa5d77fd73,cd9bf2e8-c2c9-470a-88ba-aea2cb4a46fe,7b42569f-c867-4a68-8dbd-f32aa67315ea,7d354e98-24f5-49c0-8b13-9f4304d6f8de,9c4129e4-1de0-4f6b-9e0e-c16d03fe4296,ba66d28a-cfeb-41d5-a9e3-ab89b5d6e7b2,411c01c0fbd74a8.png,9d0ad6e737a3490.png,e84cb2378f81434.png,5fd96551151b404.png,0e48b2f4269a415.png,bad
watch,e1cfbd0c0f2e4cd3acec12b8ab07a81a,f84a8610-7132-4ea1-8b7e-0b21588f7682,1c12d053-afea-4bae-9672-86a3a1cabd65,6fcd446b-219b-4574-83f0-7dccaeab0441,c5cb8dad-d0c2-457e-99ec-07118a1ddfaa,73b59709-05f3-4506-8faa-cc3eac014e9b,ee4d448e-0085-4a9b-a1e3-41fda254960a,cad63638-a6ea-45be-b629-517525845a6a,a26cf50a-f7ef-4950-a974-560434ac4610,64f7ecd8155d488.png,2843955827db46e.png,3888de7688b7455.png,275e2bb2a4fa418.png,8e3044230ce344f.png,bad
cellphone,f1688d803c324999b257b5df1c8cc804,a5156fd9-3efe-4058-9e58-9ca855ad405a,3f01e5a3-17a1-4847-86e0-b03fdd181239,69df5aa6-ab95-4057-ab76-bf4ccaa38a9d,922155b2-49a5-4de9-aa20-842c61e9423a,a8c0a88e-fbee-403f-b723-12a0ff681d0c,c7f46ec8-f75c-4bc7-a13d-2ffaeb3e4ced,5bc7ad80-c6d0-4e83-a8d5-ef70bde25c2c,1f57e54b-cef5-4c0f-be40-eb2662a3a8c3,8426caf44271460.png,8b0fa5d2577247f.png,0b78b347fde14d1.png,6c7847c37fa94c3.png,ee23c5a3bce0485.png,bad
keyboard,a2b56b6bebfa4388a349eba131572a6f,57bddcb1-c320-42b9-9e09-6e845afff232,bad13380-5bb7-4c87-b159-a4bbdfaa6cd6,1fa755eb-e917-4f7b-9b33-5031217e6773,3e3dfed4-13e8-4c29-a595-bc58493b9de6,2d60a4fc-ad73-4ccd-a654-65b7eb046ccd,cd8f4a8e-0581-4eb5-870b-a0f6d37556de,1615e4f9-bdb3-40b7-9180-12023d6f998d,212926e4-5034-41ff-bbf7-0130b2ae10f7,40ecb5560b36442.png,66e633a294de43c.png,f555345fe3304b7.png,7994867406ab411.png,4148955bc0d0460.png,good
tv,6813826f9126436fa1248d7eeb792f66,03415056-2535-4b72-a6ae-2c3380e9662d,446069e3-66c4-41df-b721-7e591fb0a5db,46c0e552-834e-474e-8a3b-dbf059ff79eb,4db9ec49-ef5d-469c-bb71-585188618234,1270282c-a6ac-4560-a78a-0a2209a2a67a,d8747aa2-87a5-43f0-8b5d-7e3921bc5b9d,f6b0b26b-6d79-4af7-8a43-923f907fa890,023cd399-f174-4bd2-8920-1de654f80e1e,dd979b641ba9469.png,84edd2bb76744ae.png,08880aba267540e.png,56afb7ef4feb467.png,cf101fe6e50c438.png,good
milk,9f5c4bcb43ab44ecbec7827aa404043f,e25ddc93-59ea-43b5-960a-55f05d98d220,563c553e-eff9-4f53-aba6-e7d74d6d4489,5f962697-2fe4-4dbc-af95-b65a5280a9bd,f81b88f6-b32f-4254-8a0a-2061ac95492f,e8fc7e1f-8545-4413-9e95-36ef3b135076,0c13f4df-5415-4c54-89cb-2365d7317f10,750e9d69-9672-45e2-a2e7-17e171712267,5b3b9eb3-bed7-4056-9ebe-5a2969d16916,845db5531d54499.png,6f58fa5b1621409.png,a700b2bed944448.png,4575e38e00b4422.png,14ae863fddea490.png,bad
hammer,33e16734d72f43829cd6744bb6ed7b5d,9f33ff1a-427b-43b3-bb7a-c9fe0448263e,83bf4b61-1411-49e6-b5c6-9ee838404def,e9099c82-cd3a-4ef9-9a99-f04a627717ad,b2f727c2-5911-4ccb-9eb4-96a8fb33a9e3,ee90c51a-37e1-4377-9c48-51f250b830cc,425544f2-59e2-4996-a95e-3b251ea9fd8b,517951c0-991d-40a2-b943-e1142f4604b9,51101f6f-5703-4ad6-953e-599ff4e540cd,ddca54b7755f4f9.png,66c844f161f24ff.png,7428983618d2406.png,32c642d9804f48e.png,9620f77c9695442.png,good
bucket,4e1634929caf4f85a608fa17b55a1ea3,72a61cf0-9693-4e26-a5b3-0078b1e8ae41,dddd3fa5-b286-4330-a9f1-16419fde041c,45ef2d9b-4fe1-4f7b-b10c-b15c8ad07277,8097130a-f817-45b2-8974-6ade9421384c,fc9e1718-e1fd-43a0-b87a-bc2a1c65fe54,250e6824-6a2f-480a-998c-92c010a9f747,76ab54f9-0a00-4a9a-afb0-5c4910cc6588,aba9804a-f120-4bd3-b358-06ba1f4d7dd9,e853ac25e722498.png,65ac85902972469.png,e8aa097fa4de477.png,ea7d88a09f034b8.png,ea37f1f0ba594c1.png,good
trash_bin,e10b970f11e64a9ebef40cb15cb7326a,cc52d7cc-48af-4901-ab98-e69af38821c1,57a4e5d5-e1e4-4926-9b05-e463ce07d8f3,acea5272-07d6-48a1-ba82-9a6d980deb04,5009743a-0f87-4d6d-8533-93658853bd10,fd646272-a190-4d31-90da-36c0ffe92fc1,02ca246f-c3b5-49ff-814e-b6ecef3434c1,7974aed9-c0d4-4b1e-bb32-f981056e51f1,825f154c-0714-4ea1-b06f-dece115edd9e,4afae381669244d.png,d9f0b0a76180434.png,6b43b4efdc4e4dd.png,c8e346fe7b4345a.png,14d8ed501d6c457.png,good
trash_bin,6e0091ce0cf343f5ae18f85e9cb53d9a,ecf2a21f-0017-43f2-96e3-9da45a37972f,80d8155b-bebf-44b3-9e84-f03c5ab412de,2527c2fd-f852-48a6-8aac-6e846f541465,de0aa5ee-dd5e-416e-9eab-af8f177f26a2,ac05434a-42b1-42e8-bd12-26fd8ec62104,10e975cd-96e7-4b8e-9bc8-fff5f0b6d173,da3a7ea8-bac7-4765-a72f-3947acf7d32b,0ce072c6-0c53-401b-9398-952807d72adc,a0651fd8738b4db.png,ec70364bf7074f2.png,4afae381669244d.png,58e0f53f9327491.png,fda4662c6efb435.png,good
hammer,96593621652749e6b5ce75c6d36732e5,ffd1a205-cb31-4508-bd78-2eb583614d1f,27d4764e-ee86-406c-827e-b3be42c8fce8,599e8e32-b8e3-42f0-a41a-8420c6ba454f,b37a6a0b-2f02-4ee5-b0ff-b82fdda4c4e7,d0c26ee8-cd4c-4189-a7b2-c9f386043879,886ec983-3b36-4527-8fe4-db00b38816cc,ab71320b-6391-4259-b304-4ac79c77eab3,0ae4a57f-b80e-4ece-b76d-a45c0a11bb37,fa5b58980b9941d.png,b7e6366066bc4b3.png,3cb413dacd14475.png,72d4e6f3c3c6439.png,9a90c6349f2d40c.png,good
hammer,fcacea2d47be4434b52c8e56fdfbaf78,579fb7be-5723-4c3a-98c8-ad04d06027b7,d56138f0-6075-48fb-9c78-283e2186da58,3b948e5a-f8e2-4860-8651-379d08b3680f,bd49e4d9-2d79-425c-b4d0-75eff332eef2,7320e8b7-fea9-4376-822f-94d7e5f83349,d0011fed-0ced-4ce9-a9a2-9e6fabd6d79b,25161558-43bc-47fc-be48-4e0803bd9ef3,60bd8863-9cf9-43a1-85f0-10c53d8b4b92,aaa883c741b74b2.png,4ad6b3bd3c3e46a.png,fd4f542558af4d3.png,dda3820b010c499.png,3668eddf3b8a4aa.png,good
pitcher,07953bdd817e414ebb17dbce9fefb78b,b3ea6e7c-b4eb-4e2b-adf0-120552070ebe,176e8fd5-4893-47ae-80fb-3eaf219bf7f5,08bf0509-dcc6-42fb-8287-76a9236e34d3,8c28e9c9-001d-4f2a-ae1a-dfa419d6855c,c94aeeac-fa07-4e7c-9cf4-2fe6981d56a4,2c3d783c-476b-4966-bef8-70c5b638d11a,5bdc71dc-9d49-45b7-82d1-58922b26d59d,ecee79c2-1302-44d9-ab90-9adb0e3545a6,81c3d18245ae444.png,f238644e0ee6490.png,2fa96ad52c874ff.png,0e8b584d12ad4c5.png,636a3b65acc6414.png,bad
candle,3ea434f4d29c4fca9b0ca4c0879e6edb,dd4a4912-a3b3-4d23-8294-1dcfcad672aa,1c313e1e-6b30-48b8-a445-66212e23ab5d,313fad39-eb12-44cc-8bf7-ffcb1d7f95e8,6f95c83a-19a7-4d41-b7b6-ddaf0713610b,2fc12875-7491-4a7a-a017-1c269716be85,84eb057c-c36b-4bc8-965e-06df885e4c89,51d981c6-d84b-4e1e-831b-9f5b0ec60a36,453406a4-83a5-4210-a2fc-a844e2a56137,2e494c93feb44df.png,81a4be8a8fc3477.png,4abd49cb69b8457.png,99deae03ba034bd.png,849a64a9c9d44db.png,bad
keyboard,f23cc6f998384c0cb704dc33a4a6d920,fca27bab-d851-4efa-af28-486d287c6e4d,78b6ecbe-ae7a-4f0a-8ec4-f30da7eaad90,5cee594c-8fcb-4ea2-ae56-42f72ec38797,c6f4439b-a131-4768-b8b1-99ff03273fc6,2b2a526c-8297-4d44-8be5-21c08f37fa14,15c087a7-d68a-47be-9766-74e01d41e0d9,3a82003c-88a5-470d-a2c5-6fdef42a7934,dcd7cfd7-d9a9-4a8d-a8ec-4af0b5aae6f0,1a04649c0d8047c.png,d6e81772cb204d2.png,ee964d6ede8e4b4.png,9c9cd250704a46e.png,11ec5c9c0dd5437.png,good
broom,b7e929877b0649e58b31dbcd08ed5580,d42524f1-7f42-4a4b-9e1e-c025b2b55bc9,794efe98-ff8f-4375-8a26-05d2a2040d30,f14fcb76-3ae3-4da0-9f04-a70380b62788,0378e1ec-6cc0-4bff-bc53-d9a08726731c,596b7481-df09-4d8f-b51d-666ac8646142,1d8c712a-b1fa-47f2-9c9b-11ea5ca65378,88b6b415-97ba-451d-91fa-79fbd6624c52,58fe851c-acc1-4b0e-8c52-2370e104121a,8aca910f2a3f4d9.png,9122e6e27a974b7.png,48fd9452951c440.png,8ebdde1269d6448.png,342d889ae8f4405.png,good
tv,05cc978200044f489d70986bd306e3fc,820e1313-b3ac-4a75-9fc7-843e82daac90,7a66f317-dfde-4c05-9aa1-6e773a9fc31c,017e3fa7-c995-4b46-ba56-029ff93166f8,7cf42970-059b-4736-896a-5bb69a21b409,c7b03bbf-fb40-4302-a9b0-470ddc6ece85,25215366-8d79-45ad-9c23-9683682acb03,bf0a9254-0d0e-4fb5-a7dc-b2bb3bb17b24,e6b378cd-edc0-4e40-b7c3-62bd1f2d252a,0e5269474d6d425.png,d8da99d81bd94f5.png,ead4a84707684f0.png,28ee935f28ed4bb.png,56afb7ef4feb467.png,good
hammer,22db3637b9e2454397412aaf6e94706d,4c1687f8-77fb-48f9-a62c-1cf94b23e7d9,db9cf1a0-f149-4bf5-8ed1-b369f2d3eaa8,9a5a6b25-cc2c-459b-981b-e29b59f44a3e,e1df7c04-a293-4954-8634-f00d63dad43c,6b4fa054-34fd-414d-b33b-b9c1025d215e,96afc77a-2714-4c8b-8a6e-92f104647d8a,a81e2653-ba01-4c84-96a5-916728b0095c,e4822fe8-c61c-47da-b60d-9fbb6df1239d,48eff2faf00c428.png,5ed3c3aa19ff4e7.png,3a9e972f553a495.png,0b0104e5678c4aa.png,30e354746dff445.png,good
mug,d45d4c1813b044f6b3ff612ca80526f9,9e0c9901-5a11-4f76-8148-e554229114a7,b634cb1b-68bd-4cdc-ad66-972f3c695fe9,b41cda9a-3589-4a50-846b-6f79fac9b296,daf05b42-abbe-499f-b3d2-f1e948205bcc,da75a003-95c1-43bd-a84f-c2995c37a221,171642db-3246-4bdc-8f46-a29d74adc17d,1df4ff5e-8df4-49f3-97a3-d389088f2db5,ba12e9cd-be8e-4f61-9bb9-d9f5e690bd0c,f3d10f3438c9489.png,fd358d3dbcd74a2.png,01ab19084050445.png,b07c4734717548e.png,959b9587a873469.png,good
screw,ea2945ed06e544e393af27f4b91c523d,41494a38-d73f-4fda-9de1-d1ca4688425c,f42189b3-f971-470f-acd2-6feddc3e7bdb,a63ef51b-2b1c-46a4-8a5d-2de329bcf5d5,d321c8b6-b96e-4697-88d3-d4eb0519ae86,0a2d3c4e-f79c-453b-8380-e6a25f781e7c,44cd6017-6d81-4de4-b5a9-07da5a13e894,0dfd0885-90df-4362-81ba-fe6a05027156,6d74bf59-7987-4013-b8a1-492fde011197,8e2af493157e4f0.png,1e6c781e95af45f.png,efb7a9dc1fe04c2.png,b8a6ac214b51428.png,eba3fdb808094b9.png,bad
vase,6e7c7abe6bb541c2b075022142ae6c69,a441911c-4ad8-4ab3-a4d3-1b6fa3182018,55c7a795-2458-4847-8eb4-780cff66c671,43e93ffd-7a45-44f8-8c67-f3e14eeaedb8,b8d39836-c32c-4db8-8264-be3eafe92d94,2f9115c1-0d04-43a9-8029-b12aa8fa9f1c,946620a6-e5cc-43e7-9f82-fe5b9cfeaea3,38572d2e-3e33-4426-8451-23f4c730202b,b64028e3-a604-436f-b7e4-8a54cd05ebb5,01a729a8a3094e6.png,6aa97f2e311f468.png,063ef715d8a64ae.png,18602039110e4bb.png,9f40ec66faaa439.png,good
tv,6a04c5d11370451d8c32e3e23446e2d1,e388439a-7031-40ad-950a-e0b3bfe54509,dfd39fd5-e431-44ff-a979-d1d9ec081c69,e54e4881-90c0-4bc7-98af-4c084997a37e,1bb435ef-2538-4f61-9814-c28e17c86d3c,0b4885c8-cf16-4b08-a5e7-9449015263fa,e85bbb9d-f583-422e-8576-f4265003444b,6fa9dabc-9f93-456f-b032-5278caf9baee,dc02950f-ec9f-4645-9e03-6d3ae5c19399,3e18c208ff854d0.png,28ee935f28ed4bb.png,904624c0cfc444d.png,553df7c0a111417.png,5787e78c95cf48b.png,good
wheel,96fc819f77fa4c8b986a0a14326b0657,14babaf5-98ee-490d-b93a-ef45547a5b9b,d1c32a8e-fd3c-4a9d-9671-51035bee1845,cf932ef7-3eae-44ee-862d-e7c8976b3b8b,2c256e56-fe5d-46aa-9d7d-a5f4be1141da,7d7ab785-12e4-420d-9b88-db06257a9593,2da5cb48-f194-462a-aefd-4b6065c6aaa3,6b560a3a-1a3b-4e84-a579-6936bcbb1e3c,3e50d81e-204a-4c58-a7de-54ce1076597d,5b8cd54c30c94f6.png,122d35cf1c9041a.png,fea6c9e9d1ae497.png,91444a72388f434.png,e798cf8ec92449b.png,good
bench,44e222d1df2241898a2b95f2dd2150db,732ab6a4-9d0e-496b-8e08-5d7af06ea671,c3e7c6d3-64ee-46ce-9446-06b9414d1247,d31c81bd-8afd-47d7-b02c-56f1c4afd74c,6d96d6f4-60b4-4caf-8f8c-196e8cf7ed3a,9a637343-16c9-4c0f-9fb3-5443ccaacae0,1a8069bc-7f0a-4c68-822a-a883ae875ae6,3ed0e96a-7b35-444a-92f9-bf5ef1a069bb,aefe8003-6063-4d5e-904e-15db63ab7cf2,84e62ec62710415.png,08400a2d6ff94c8.png,b6fe276b3749422.png,672fd930f9284cf.png,5a0049123e7d4f8.png,good
basket,328d963744054bd6b71229e11bff4e7e,5b89fe00-5cd4-41c4-acec-e040f147f4e2,195ce6ae-656e-4c2f-97c4-d0c691021f2d,a7944fbc-8172-43d2-8b4d-3741bbe1dbb3,79f348ee-00e0-45d5-8414-a5079de3fe26,f072a07b-194d-463f-b7f1-baaa67dd0296,a14b87e7-679b-4517-9c20-a5d9226e6498,4cc4666c-46c8-467b-bafc-efcbed87e114,098b1e3c-75ac-4b22-96bd-bd5b1cfa552f,9a5b262f76fe40f.png,bfbcd4aa9e57470.png,595d86c74adf47d.png,b939331358bd4c5.png,6967d6cc44ae4ff.png,good
fan,91448dea599a45e9945b29c2cbc31086,12673fc5-b227-479c-a535-f638f9a5a8b2,3d2b0727-b16b-4994-9262-40d558a05c56,bcb37af7-ceb6-46ff-bbb9-455aac3980d3,0fc4d703-ae69-4cc6-a0a0-17ae38139096,5b6339b2-36ba-4db5-ae8e-e41356868610,cf5482b9-9fc6-48c6-b552-7d880b06b5d2,e883f680-afd6-4b81-b855-5eb4c34f750c,f16cd139-b26b-4214-9345-98b049bcdf71,882971ed40e94a3.png,00ef5d16c40a4d9.png,839f51b3eb2a442.png,dccb3df986cb408.png,b47c12cbd1e243a.png,bad
trash_bin,80f043403b234415838145a7b38eaac1,3e0a372d-e50a-481c-9d6c-79ad3af21aa8,a5cbf0b5-07e8-4656-9e46-fbd256a073e2,dd31ed12-58ae-498c-862a-0d1de76862d6,8259984d-1026-4085-8f03-cdd7366a7dda,1be7e842-4758-46bd-b528-3d416877699c,21c6ba82-53d0-46df-a7ee-6115b567b1d6,fc93f239-8d60-4555-870a-b056aae1035b,026c75e4-1a71-4ca2-acf0-13a5dbd536fb,9f3b9165ff08474.png,54048602d0d74c9.png,3e524a46b20547a.png,313e54068d474c0.png,f614dbe45b604c5.png,good
printer,20bbd95f93584eb2b5b260d0193c7725,f1a4d65b-421e-426a-bb51-e16d4e5387ee,9d1b427d-1f31-4057-a394-83f3ede30c19,92b146cc-886e-4441-87fc-c06fabcc781d,6d4847a1-896b-4725-acbd-fd20afef381d,c002643a-05fc-4b89-a318-c499e639e76d,360946b0-d5fa-491b-a29a-a46b6ee03b88,aaa078aa-847e-42c9-8950-3ede49f59d2e,51d71298-cd1c-41fe-9737-88e74ce54064,1daa67d52d0d4be.png,7a07b5db49d4497.png,69f01df6ca49494.png,86d4822f66d7436.png,22adef0ba427414.png,good
